League,
English Premier League,
La Liga,
Bundesliga,
Serie A,
Ligue 1,
Primeira Liga,
Eredivisie,
Russian Premier League,
Brasileir‹o SŽrie A,
Argentine Primera Divisi—n,
Major League Soccer (MLS),
J1 League,
Chinese Super League,
K-League 1,
A-League,
Indian Super League,
Superliga Argentina,
Liga MX,
Scottish Premiership,
Belgian Pro League,
Swiss Super League,
Greek Super League,
Turkish SŸper Lig,
Danish Superliga,
Swedish Allsvenskan,
Norwegian Eliteserien,
Ukrainian Premier League,
Austrian Bundesliga,
Czech First League,
Israeli Premier League,
Saudi Professional League,
Qatar Stars League,
UAE Pro League,
Egyptian Premier League,
Algerian Ligue Professionnelle 1,
South African Premier Division,
Campeonato Brasileiro SŽrie B,
English Championship,
EFL League One,
EFL League Two,
Scottish Championship,
Scottish League One,
Scottish League Two,
Bundesliga 2,
Serie B,
Liga Portugal 2,
Eerste Divisie,
Russian National Football League,
Football League Championship,
J2 League